Id,timestamp,number_of_transactions,financial_products_stash1,financial_products_stash2,financial_products_stash3,financial_products_stash4,financial_products_stash5,financial_products_stash6,financial_products_stash7,Expected
111,0.276022479,0.094288729,0.217522802,0.011830765,-0.141033774,-0.140368635,0.152205278,-0.139253222,-0.141032715,1
112,0.274483228,0.233953533,0.071805906,0.011911758,-0.140355878,-0.140325256,0.292492204,-0.137752551,-0.141264125,0
113,0.272943977,0.105461913,0.197747962,0.09170591,-0.111563309,-0.109530114,0.049695926,-0.110695315,-0.109718542,1
114,0.271404726,0.099875321,0.136642444,0.091763706,-0.109921576,-0.108755075,0.018196903,-0.103912361,-0.110768259,0
115,0.266786973,0.300992639,0.337808621,0.181942496,-0.038389355,-0.038321474,0.104053517,-0.037510549,-0.038860909,0
116,0.265247723,0.016076438,0.245114858,0.182026031,-0.039621659,-0.038002156,0.166745,-0.033969561,-0.037150504,0
117,0.263708472,0.166914427,0.291292973,0.231344272,-0.013562462,-0.013865373,0.229367523,-0.010079875,-0.01483857,0
118,0.262169221,0.060769175,0.045175052,0.231359615,-0.015013842,-0.014367158,0.190185345,-0.008173189,-0.014314046,0
119,0.256012217,-0.039789484,0.1117752,0.095928822,0.183670438,0.184297137,0.322538038,0.189494858,0.185215183,1
120,0.254472966,0.233953533,0.153765858,0.120523748,0.163418863,0.164312183,-0.025089999,0.162242213,0.163246381,0
121,0.252933715,0.122221689,0.286527107,0.096221865,0.045267589,0.043806066,0.067687441,0.045238752,0.044404784,1
122,0.251394464,-0.045376076,0.292763288,0.095900442,0.184209269,0.184476653,0.302716558,0.185505254,0.183067049,0
123,0.249855214,0.099875321,0.296421431,0.096278259,0.188736211,0.186541362,0.214745361,0.18417613,0.188170581,1
124,0.245237461,-0.05654926,0.223003113,0.096134247,0.186593719,0.187634,0.262195604,0.191945985,0.188098918,0
125,0.24369821,0.066355768,0.345355044,0.057217966,0.167786013,0.166697714,0.507317737,0.170808736,0.16611724,0
126,0.242158959,0.362445153,0.268555768,0.057128141,0.1666675,0.16656228,0.021161897,0.174161943,0.167692938,1
127,0.240619708,0.077528952,0.267260868,0.079984547,0.193109484,0.194977719,-0.012280248,0.199810247,0.194551971,0
128,0.239080457,0.217193756,0.27485025,0.079898987,0.194051676,0.194935806,0.340456517,0.193766597,0.195059245,1
129,0.234462705,0.463003812,0.259199963,0.089757086,0.26827177,0.270790078,0.212466212,0.260660334,0.270216178,0
130,0.232923454,0.401551298,0.162619199,0.0896633,0.268997277,0.270338411,0.170128459,0.273731102,0.268877409,1
131,0.231384203,-0.095655406,0.029388217,0.067645243,0.229256825,0.228907409,0.298015951,0.226771605,0.227834058,0
132,0.229844952,0.116635097,0.201708607,0.067649664,0.230949096,0.228321658,0.081092761,0.234559927,0.228027401,1
133,0.228305701,0.122221689,0.250785671,0.059382216,0.37690125,0.375789159,-0.022016235,0.376189055,0.375857456,0
134,0.223687948,0.233953533,0.315095964,0.059348291,0.410927893,0.410326086,-0.024602259,0.408085188,0.409480144,1
135,0.222148697,-0.134761551,-0.110938633,0.035622025,0.409731093,0.409635416,-0.123979231,0.413149619,0.410131874,0
136,0.220609446,-0.129174959,0.00737185,0.035515496,0.401741822,0.403525101,-0.024437694,0.4045728,0.403042897,1
137,0.219070196,0.323339008,-0.078682226,0.03552754,0.40238624,0.402517264,0.201744401,0.404317958,0.403013691,0
138,0.217530945,-0.073309037,-0.051250242,-0.025506833,0.492567846,0.49183639,-0.148044924,0.488843692,0.491478024,0
139,0.212913192,0.211607164,0.135822136,-0.025516597,0.492434656,0.491563933,0.138804033,0.492458932,0.492323689,1
140,0.211373941,0.194847388,-0.110990797,0.0659758,0.612376399,0.612173897,0.283494095,0.608853616,0.611982392,0
141,0.20983469,0.334512192,0.148853473,0.066027646,0.612765423,0.611035356,0.418926507,0.605697233,0.611962406,1
142,0.208295439,-0.034202892,0.223079825,0.006019898,0.574420496,0.573764244,-0.001469102,0.570837183,0.575447664,0
143,0.206756188,0.02166303,0.112355655,0.005976084,0.575355666,0.574814795,0.224297349,0.574187285,0.574469079,0
144,0.202138436,0.038422807,0.081775152,0.106751422,0.609258082,0.608160791,0.099740656,0.610149345,0.608586146,0
145,0.200599185,0.038422807,0.062800419,0.106781346,0.549430464,0.550321226,0.005394675,0.554869887,0.551553619,1
146,0.199059934,0.010489846,0.017660986,0.144879266,0.556078945,0.556249423,0.113247223,0.556385647,0.55711516,1
147,0.197520683,0.541216103,-0.017223321,0.144829097,0.608404911,0.609299795,-0.170319208,0.599441832,0.609222573,0
148,0.195981432,-0.067722445,0.10472357,0.102343656,0.530780644,0.529519651,0.178078366,0.525433378,0.530389728,0
149,0.191363679,-0.212973841,0.122430764,0.102447279,0.556080977,0.556669774,0.068028483,0.554791767,0.556947415,1
150,0.189824429,-0.129174959,0.229278161,0.164720765,0.514778586,0.516333236,0.059053256,0.509991019,0.515538667,0
151,0.188285178,0.239540125,0.057089205,0.164701628,0.52967268,0.529843899,0.093179992,0.528179278,0.528709524,1
152,0.186745927,-0.140348143,0.321735139,0.263444804,0.526838343,0.525277646,0.058303466,0.518781277,0.526399317,0
153,0.185206676,0.055182583,0.131525492,0.263496362,0.517216006,0.51570379,0.19738891,0.512174011,0.514777065,0
154,0.180588923,0.155741242,0.164952781,0.216276584,0.427349782,0.42693678,0.272172013,0.424388825,0.426342609,1
155,0.179049672,0.105461913,0.164027633,0.216295778,0.526663309,0.527199101,0.050806505,0.525377485,0.526772527,0
156,0.177510421,0.083115544,0.209618389,0.235187222,0.482360434,0.481857774,0.313540556,0.488029918,0.481324004,0
157,0.17597117,-0.162694512,0.126233637,0.235176016,0.428884302,0.427119575,0.075982151,0.423863669,0.427734231,1
158,0.17443192,-0.369398422,0.01558976,0.235179403,0.52381258,0.523868163,0.38510884,0.524914433,0.522164468,0
159,0.168274916,0.27864627,0.145543091,0.174595201,0.480468089,0.481993688,-0.001806068,0.482253913,0.480638436,0
160,0.166735665,0.105461913,0.19358045,0.174613711,0.341421206,0.341589123,0.27969029,0.337715509,0.341234881,1
161,0.165196414,0.016076438,0.038845027,0.161294735,0.523655982,0.522684695,0.342107184,0.523705866,0.522396374,0
162,0.163657163,0.245126717,0.242871797,0.161257274,0.352064901,0.350983221,-0.112756829,0.352383644,0.353340109,0
163,0.159039411,-0.151521327,0.235151238,0.165177703,0.342845268,0.341598268,0.250703002,0.346160711,0.341317013,1
164,0.15750016,-0.028616299,0.189895458,0.165170658,0.419848744,0.419821334,0.25794042,0.425524556,0.420345948,0
165,0.155960909,-0.201800657,0.118943177,0.177132041,0.351611093,0.351178719,0.163644593,0.356157956,0.35233341,1
166,0.154421658,-0.162694512,0.355057843,0.177198343,0.421002003,0.41995922,0.08471915,0.425314003,0.419937004,0
167,0.152882407,0.256299902,0.182308377,0.18828027,0.420488017,0.420381,-0.060315089,0.417268224,0.419702986,1
168,0.148264654,-0.090068813,0.016443821,0.188202287,0.430733343,0.430682442,0.02942244,0.427824891,0.429314938,0
169,0.146725403,0.194847388,0.045483434,0.147555652,0.421592449,0.421159501,0.074723933,0.420716874,0.420551308,1
170,0.145186152,0.07194236,0.263592752,0.147358517,0.400812583,0.399210365,0.350745757,0.40093212,0.398350462,0
171,0.143646902,0.077528952,-0.039821165,0.131574535,0.431201128,0.430737931,0.03438165,0.425690547,0.429808658,1
172,0.142107651,0.183674203,0.234428866,0.131639603,0.560759618,0.560281254,0.125547292,0.564924332,0.560972794,0
173,0.137489898,-0.240906802,0.094204299,0.150071131,0.399390932,0.399758547,-0.074504366,0.402885438,0.398830547,1
174,0.135950647,0.010489846,0.124344986,0.150007244,0.475266946,0.474248596,0.056011152,0.477933907,0.4739939,0
175,0.134411396,0.300992639,0.19367813,0.084250188,0.561501862,0.561285777,0.227748515,0.560623121,0.55905857,0
176,0.132872145,0.127808282,-0.062415941,0.084360543,0.486149675,0.485793332,0.111349865,0.48646186,0.484444306,0
177,0.131332894,-0.023029707,0.131454661,0.018030624,0.475689402,0.475620993,0.26344724,0.476804495,0.474729513,0
178,0.126715142,-0.095655406,0.126030606,0.018137035,0.437028191,0.437897821,-0.002726379,0.432656324,0.437605187,1
179,0.125175891,0.099875321,-0.009335273,0.075498198,0.485458292,0.486840263,0.171699194,0.488506263,0.484942643,0
180,0.12363664,0.055182583,0.039308367,0.075464697,0.446659195,0.447565798,0.064103055,0.450331358,0.448251137,1
181,0.122097389,0.122221689,0.30970694,-0.021756111,0.437635952,0.437616763,0.028834394,0.438209466,0.436636326,0
182,0.120558138,-0.050962668,0.081252743,-0.021746556,0.389118859,0.389493811,-0.011750191,0.385804255,0.388794733,0
183,0.115940385,0.138981466,0.189588609,-0.037811233,0.448539786,0.448256195,-0.056426023,0.45151541,0.447507775,1
184,0.114401135,0.016076438,0.154983279,-0.037845651,0.348775373,0.348482293,0.131744345,0.348366747,0.348494551,0
185,0.112861884,-0.145934735,0.216477728,-0.078944405,0.39040258,0.388635099,0.087388866,0.39418147,0.389194434,1
186,0.111322633,0.116635097,0.050753554,-0.078897876,0.299366738,0.301002023,0.13329972,0.308460462,0.300385363,1
187,0.105165629,0.027249622,0.221865728,-0.053179782,0.307264137,0.307656501,0.066734217,0.30785528,0.308016814,0
188,0.103626378,-0.023029707,0.109766622,-0.118800402,0.308347296,0.30784402,-0.104715392,0.303254011,0.307682309,1
189,0.102087127,0.004903254,0.171032469,-0.042088845,0.234157681,0.235028857,0.058109436,0.234106571,0.235874755,0
190,0.100547876,0.211607164,0.213746522,-0.053093889,0.237466227,0.235492489,0.053621039,0.234824629,0.234814096,1
191,0.099008626,-0.10682859,0.264107746,-0.058391873,0.198269339,0.198484941,0.141462152,0.202627948,0.197919266,0
192,0.094390873,-0.039789484,0.146866374,-0.042124021,0.197084047,0.197506157,0.002652863,0.203835534,0.196793363,1
193,0.092851622,0.032836215,0.071988992,-0.044653684,0.175356411,0.174265065,0.011500199,0.171869943,0.173293389,0
194,0.091312371,0.245126717,0.273161562,-0.058443539,0.173851842,0.172778484,0.255002384,0.172446143,0.173686431,1
195,0.08977312,0.222780349,0.232099887,-0.032650406,0.169111506,0.170432844,0.144970367,0.16980255,0.169826352,0
196,0.088233869,0.060769175,0.18096208,-0.04459985,0.171927561,0.17022149,0.061775007,0.164536719,0.170284747,1
197,0.083616117,0.178087611,0.341139715,-0.035396662,0.258482208,0.260476257,-0.124454119,0.260259821,0.260562854,0
198,0.082076866,0.267473086,0.26041585,-0.032768237,0.245649646,0.246539358,-0.038586535,0.248761796,0.245931734,1
199,0.080537615,0.20043398,0.097249001,-0.13470257,0.22096423,0.221692471,0.144984473,0.217063577,0.220593518,0
200,0.078998364,0.049595991,0.327647339,-0.035278777,0.258730708,0.258953336,0.09559142,0.269561453,0.259168183,1
201,0.077459113,-0.034202892,0.171316815,-0.108616186,0.251947227,0.252660845,0.132541153,0.251740911,0.253493576,0
202,0.07284136,-0.458783897,-0.017674899,-0.134656477,0.222867969,0.222344962,0.034941485,0.221704342,0.220682717,1
203,0.071302109,-0.045376076,0.211265142,-0.122663522,0.302554951,0.303478321,0.388137152,0.30365229,0.3040081,0
204,0.069762858,-0.095655406,0.126537673,-0.108612222,0.253498908,0.25244793,0.01824737,0.255915301,0.251760311,1
205,0.068223608,-0.140348143,0.263353666,-0.184541604,0.337667577,0.337692799,0.106281885,0.338085297,0.337329622,0
206,0.066684357,-0.173867696,0.260719885,-0.122708028,0.303511953,0.304408418,0.386011284,0.297903251,0.303418993,1
207,0.062066604,-0.05654926,0.055863857,-0.13167223,0.313996907,0.314379142,0.011049761,0.317312661,0.314040091,0
208,0.060527353,0.15015465,0.186072639,-0.184568565,0.338245185,0.338250168,0.257031393,0.340314757,0.338826922,1
209,0.058988102,-0.162694512,0.028334193,-0.200991027,0.345733144,0.344166096,0.098147979,0.341370299,0.344461283,0
210,0.057448851,0.004903254,0.169018777,-0.131694391,0.314996459,0.313389263,0.230863655,0.312137697,0.315611391,1
211,0.051291848,0.07194236,-0.032595143,-0.17880298,0.365287267,0.366838164,-0.127361436,0.370274243,0.365648287,0
212,0.049752597,0.016076438,0.139776899,-0.201119645,0.343892285,0.344820947,0.173463646,0.340431882,0.346401258,1
213,0.048213346,-0.162694512,0.254002208,-0.356459126,0.335219792,0.334131171,0.210864758,0.333108465,0.334177199,0
214,0.046674095,0.228366941,0.014463882,-0.211460344,0.365968717,0.365112796,0.201798629,0.366942717,0.365341114,1
215,0.045134844,-0.313532501,0.255127574,-0.333634036,0.34893661,0.348271433,-0.033172185,0.347216144,0.348908075,0
216,0.040517091,0.060769175,0.063013679,-0.178862205,0.335195233,0.334633897,-0.027823034,0.333164685,0.333471644,0
217,0.038977841,0.122221689,0.032666124,-0.285449546,0.232294517,0.23163463,0.013717283,0.229047262,0.231696298,0
218,0.035899339,0.345685377,0.371364274,0.110828145,-0.148371337,-0.147666825,0.054420356,-0.137316901,-0.14698418,1
219,0.029742335,-0.140348143,0.306184577,0.134446042,-0.181522497,-0.182359122,-0.053973219,-0.176583738,-0.181410029,0
220,0.028203084,0.256299902,0.492825067,0.110788935,-0.147987954,-0.146663255,0.266004112,-0.144671261,-0.148101645,1
221,0.026663833,0.122221689,0.378805346,0.166341994,-0.164166184,-0.164479166,0.120152376,-0.157762023,-0.164605184,0
222,0.025124582,0.206020572,0.495458848,0.110917681,-0.180910727,-0.181151737,0.301299417,-0.170678459,-0.181765702,1
223,0.018967579,0.340098784,0.319003166,0.212485976,-0.142159404,-0.141281925,0.202814231,-0.135496833,-0.141627086,0
224,0.017428328,0.016076438,0.332982664,0.134519041,-0.165244861,-0.164865905,0.26233666,-0.154433494,-0.164934358,1
225,0.015889077,-0.028616299,0.193967591,0.213797076,-0.154618432,-0.154921034,0.077146018,-0.148825113,-0.153645068,0
226,0.014349826,0.217193756,0.540680619,0.166311939,-0.14039135,-0.141066942,0.364445414,-0.131376212,-0.140460855,1
227,0.012810575,-0.118001774,0.377514026,0.232766316,-0.16466828,-0.164354495,0.017620455,-0.161757892,-0.163460376,0
228,0.008192823,-0.023029707,0.303090524,0.212429749,-0.155235269,-0.154944071,0.167578483,-0.153741639,-0.154272559,1
229,0.006653572,-0.179454288,0.270550538,0.211998749,-0.174251316,-0.174699867,0.138478664,-0.17984063,-0.176285361,0
230,0.005114321,-0.017443115,0.23823046,0.213890908,-0.164421545,-0.164445637,0.206509894,-0.1541257,-0.165216255,1
231,0.00357507,-0.112415182,0.252027128,0.287033412,-0.202621631,-0.202754174,0.160426952,-0.199995935,-0.202374713,0
232,0.002035819,-0.034202892,0.312430219,0.232788248,-0.174692865,-0.175494731,0.202740569,-0.178273879,-0.175105738,1
233,-0.002581934,-0.15710792,0.226589402,0.336267542,-0.225544286,-0.22642989,0.017596946,-0.223048314,-0.225705542,0
234,-0.004121185,-0.218560434,0.52797582,0.211910863,-0.202328014,-0.203824143,0.311582388,-0.19715116,-0.2024743,1
235,-0.005660436,0.206020572,0.291352297,0.229501988,-0.233537583,-0.232815246,0.117853166,-0.235246202,-0.231519428,0
236,-0.007199686,-0.101241998,0.298668072,0.286927136,-0.225793595,-0.227042104,0.170865084,-0.214388691,-0.227467542,1
237,-0.008738937,-0.073309037,0.219621389,0.211386255,-0.226066646,-0.227196936,0.256764955,-0.2309883,-0.227312069,1
238,-0.01335669,0.038422807,0.255988028,0.336341697,-0.233944517,-0.232357801,0.029348464,-0.234352783,-0.234276966,1
239,-0.014895941,0.044009399,0.117402543,0.24078341,-0.380626964,-0.380597758,0.18090826,-0.385606917,-0.380597323,0
240,-0.016435192,0.155741242,0.14253342,0.229540404,-0.229039209,-0.225879058,-0.042348651,-0.224477784,-0.225609176,1
241,-0.017974443,-0.173867696,0.138209416,0.270349182,-0.374660451,-0.37371985,0.044566822,-0.376411787,-0.373406155,0
242,-0.019513694,-0.017443115,0.180930373,0.211365364,-0.380203928,-0.378969713,0.13607758,-0.37501228,-0.380846613,1
243,-0.024131446,-0.335878869,-0.028017989,0.239836262,-0.387234577,-0.387826103,-0.033935454,-0.389850655,-0.388017608,0
244,-0.027209948,-0.240906802,0.187376745,0.270447466,-0.374514601,-0.373817233,0.097309167,-0.372965588,-0.373757458,1
245,-0.028749199,-0.246493394,-0.052477635,0.255148049,-0.376450235,-0.376879794,0.094383042,-0.378921803,-0.376321016,0
246,-0.03028845,0.077528952,0.009128557,0.239728038,-0.386734562,-0.387093872,-0.138915477,-0.379358979,-0.387512345,1
247,-0.034906203,0.138981466,0.065239607,0.199664825,-0.328561217,-0.328847486,-0.029003201,-0.331384307,-0.328273291,0
248,-0.036445453,0.155741242,0.129465517,0.255199367,-0.376229762,-0.377189523,-0.081776892,-0.373718729,-0.377150435,1
249,-0.037984704,-0.240906802,0.114157622,0.17602805,-0.345730123,-0.345269134,0.091030615,-0.347022674,-0.346129325,0
250,-0.039523955,0.217193756,-0.019317561,0.199637187,-0.329673193,-0.328871262,0.003577563,-0.324360076,-0.328240533,1
251,-0.041063206,-0.095655406,0.023504401,0.201348509,-0.338561786,-0.339934104,-0.091508177,-0.338161487,-0.338857604,0
252,-0.045680959,-0.196214065,-0.028007761,0.176000948,-0.347125338,-0.346591555,0.125278972,-0.346722507,-0.347953059,1
253,-0.04722021,0.189260796,-0.096434936,0.206450487,-0.332102734,-0.332864734,-0.059018316,-0.330335902,-0.332656382,0
254,-0.048759461,-0.23532021,-0.035254495,0.201379219,-0.33793175,-0.33865677,0.06445883,-0.337612906,-0.338971535,0
255,-0.050298712,0.133394874,0.178414217,0.105738825,-0.337479357,-0.335641318,0.359171493,-0.332562912,-0.334722615,1
256,-0.051837962,-0.319119093,-0.083795342,0.20646406,-0.33322602,-0.33295614,-0.051241437,-0.338245381,-0.331653204,0
257,-0.056455715,-0.017443115,0.032635695,0.188787123,-0.264408405,-0.2644305,-0.05394971,-0.263878633,-0.264044159,1
258,-0.057994966,0.004903254,0.06107542,0.105684115,-0.336303083,-0.336015795,0.102775864,-0.335584192,-0.336880636,0
259,-0.059534217,-0.073309037,0.24436487,0.208164117,-0.305331827,-0.304531302,0.192037565,-0.306043361,-0.305578263,1
260,-0.061073468,-0.129174959,-0.099188899,0.10564499,-0.263432174,-0.264488442,0.057402903,-0.257805021,-0.26433631,0
261,-0.062612719,0.004903254,0.180982793,0.207031526,-0.342963068,-0.341938702,0.122124023,-0.345772705,-0.342251798,0
262,-0.067230471,-0.090068813,0.076365416,0.188823608,-0.304918321,-0.305260258,0.077155422,-0.308985105,-0.304710289,0
263,-0.068769722,-0.112415182,0.17788746,0.176648223,-0.380853763,-0.379706242,-0.225119401,-0.37540996,-0.380309272,1
264,-0.070308973,0.066355768,0.214575012,0.208146898,-0.342220153,-0.342849861,0.242425845,-0.340799523,-0.342500892,0
265,-0.071848224,-0.023029707,0.155387807,0.207149714,-0.346340579,-0.345992543,0.081887062,-0.345547443,-0.346644162,1
266,-0.073387475,-0.028616299,0.093404447,0.206948275,-0.380039429,-0.380256043,0.058518811,-0.378549455,-0.381726806,0
267,-0.078005228,0.004903254,0.09787804,0.180860431,-0.298442675,-0.298960844,0.126825884,-0.290751194,-0.298797245,1
268,-0.079544479,-0.000683339,0.194730876,0.176632126,-0.345643315,-0.346362386,-0.01070199,-0.345840528,-0.345853334,0
269,-0.08108373,0.256299902,0.244297107,0.184283663,-0.256790715,-0.255898564,0.222441367,-0.253705102,-0.256744036,1
270,-0.08262298,0.295406047,0.091198975,0.207206423,-0.29859203,-0.297596483,0.10385259,-0.298080495,-0.297457939,0
271,-0.084162231,-0.134761551,0.297752641,0.262248463,-0.26051816,-0.260826226,0.075147727,-0.257989697,-0.26160316,0
272,-0.088779984,-0.129174959,0.264439142,0.180981344,-0.25807891,-0.257586759,-0.02766944,-0.258630344,-0.257884867,1
273,-0.090319235,-0.011856523,0.237258774,0.206602211,-0.261122057,-0.260917939,0.040111025,-0.259107833,-0.259916279,0
274,-0.091858486,-0.274426355,0.077432992,0.184212907,-0.260398681,-0.260914148,0.409725905,-0.262150086,-0.261347334,1
275,-0.093397737,0.105461913,0.037206456,0.173378415,-0.287609603,-0.287788463,0.033465727,-0.286207289,-0.289247378,0
276,-0.094936988,0.049595991,0.053533344,0.262251012,-0.261168611,-0.259957249,-0.145455766,-0.260851088,-0.26052792,1
277,-0.09955474,-0.162694512,0.08839387,0.200733507,-0.376814532,-0.376107073,0.106755206,-0.374183961,-0.376940908,0
278,-0.101093991,0.256299902,0.176955409,0.20656518,-0.287818163,-0.286963857,0.028400256,-0.28027804,-0.288352713,1
279,-0.102633242,0.122221689,0.081578002,0.164412469,-0.351871021,-0.353710493,-0.073525125,-0.34634008,-0.354137401,0
280,-0.104172493,-0.179454288,0.070588996,0.206503129,-0.376795938,-0.377423765,-0.007095662,-0.377082668,-0.377159671,1
281,-0.105711744,-0.039789484,0.040258319,0.193652858,-0.363620434,-0.362515017,0.046206204,-0.357672877,-0.36175513,0
282,-0.110329497,0.183674203,0.196505482,0.173344089,-0.354265387,-0.353340404,0.268347206,-0.354748565,-0.353422702,1
283,-0.111868747,-0.084482221,0.176582076,0.214516726,-0.300055815,-0.29924282,0.184323378,-0.298599658,-0.298581602,0
284,-0.113407998,-0.330292277,0.192299103,0.200715476,-0.363718936,-0.362648191,-0.041474104,-0.37461351,-0.362342556,1
285,-0.114947249,-0.162694512,-0.019451807,0.241691756,-0.280224064,-0.281085554,-0.179066237,-0.280652023,-0.28229587,1
286,-0.1164865,0.07194236,0.038382708,0.164425093,-0.29876688,-0.298649181,-0.065053939,-0.301831219,-0.298443839,0
287,-0.121104253,-0.15710792,0.078070981,0.269849373,-0.308542964,-0.30827426,-0.109307857,-0.30659412,-0.308751785,0
288,-0.122643504,0.127808282,0.093823807,0.193670984,-0.281677279,-0.281679184,0.000178117,-0.280960906,-0.281567014,1
289,-0.124182755,0.004903254,0.033602267,0.372060223,-0.21436658,-0.216082396,-0.011238002,-0.214099964,-0.216891127,1
290,-0.125722006,0.060769175,0.068328547,0.214591924,-0.30835182,-0.309779796,0.051276378,-0.300067807,-0.308067896,0
291,-0.127261256,0.161327835,-0.005253679,0.370406922,-0.222853003,-0.223745091,0.158738984,-0.221126647,-0.222613894,1
292,-0.131879009,-0.017443115,0.213819398,0.24172412,-0.21570634,-0.216720338,0.353786294,-0.211879492,-0.216114703,1
293,-0.13341826,-0.291186132,0.278687133,0.416272373,-0.218801997,-0.218682261,-0.025635101,-0.221028316,-0.219080008,0
294,-0.134957511,0.038422807,0.254790041,0.269880468,-0.222415344,-0.222696069,-0.077585966,-0.227128895,-0.221952784,0
295,-0.136496762,0.044009399,0.130648162,0.421480345,-0.216379781,-0.216762233,0.15131788,-0.219283971,-0.215972288,1
296,-0.138036013,-0.039789484,0.123322158,0.372036455,-0.220006998,-0.21922969,0.098562996,-0.216671811,-0.220767648,0
297,-0.142653765,-0.084482221,0.127637213,0.401957449,-0.185007862,-0.186065715,-0.108514809,-0.179865961,-0.184871091,0
298,-0.144193016,0.088702136,0.123877042,0.370514891,-0.217207232,-0.216034335,0.253298116,-0.219401641,-0.216294519,0
299,-0.145732267,-0.168281104,0.161511988,0.414623473,-0.217339882,-0.216717163,0.20755214,-0.212779448,-0.215380169,1
300,-0.147271518,-0.324705685,0.103659574,0.416344317,-0.184815048,-0.184924921,0.013862101,-0.186380835,-0.184802114,0
301,-0.153428522,-0.073309037,-0.02149107,0.28779805,-0.250592159,-0.250841007,0.123239932,-0.251878769,-0.250527022,0
302,-0.154967773,0.116635097,0.067158688,0.421419167,-0.216569911,-0.216852946,-0.083596512,-0.215439547,-0.215469789,1
303,-0.156507024,0.083115544,0.177300613,0.244739859,-0.210804798,-0.209649832,0.04147143,-0.203986084,-0.208543454,0
304,-0.158046274,0.07194236,0.198693055,0.402077112,-0.249660099,-0.249882726,0.142552043,-0.249407704,-0.251073859,0
305,-0.159585525,-0.129174959,0.085997896,0.152730083,-0.209453426,-0.209327339,0.000637332,-0.205158424,-0.210226292,1
306,-0.164203278,-0.324705685,0.211752008,0.414670806,-0.209100358,-0.210103801,0.06612799,-0.209847237,-0.209794453,0
307,-0.165742529,-0.145934735,0.341123094,0.183278252,-0.184861917,-0.185515307,-0.076136225,-0.1840446,-0.186098074,1
308,-0.16728178,-0.212973841,0.069105896,0.293909929,-0.208007578,-0.210104668,0.284466754,-0.206902769,-0.20990978,0
309,-0.168821031,-0.10682859,0.132250166,0.178140656,-0.17792847,-0.179857105,0.134471111,-0.181490458,-0.177976771,1
310,-0.170360282,-0.274426355,0.258777791,0.287782259,-0.18361321,-0.184697863,0.095400211,-0.187531656,-0.185693064,0
311,-0.174978034,-0.257666579,0.281480731,0.172119745,-0.154867413,-0.155314178,0.082734964,-0.151326685,-0.154417149,1
312,-0.176517285,0.010489846,0.064886732,0.244718024,-0.178132429,-0.177580353,0.013561182,-0.174924921,-0.179168782,0
313,-0.178056536,-0.190627473,0.03550217,0.171551543,-0.176532639,-0.175660621,0.002729661,-0.17537735,-0.174100243,1
314,-0.179595787,0.194847388,0.130437204,0.152635613,-0.155128195,-0.154589081,0.151623501,-0.148342994,-0.153945392,0
315,-0.181135038,0.334512192,0.328383775,0.198577917,-0.265858334,-0.266072221,-0.051040825,-0.267526941,-0.266574834,1
316,-0.185752791,0.116635097,0.070595389,0.183310875,-0.175467162,-0.175068442,0.173275572,-0.177606539,-0.175789102,0
317,-0.187292041,0.194847388,0.180073755,0.17405706,-0.206481835,-0.206494413,0.063371132,-0.209917785,-0.205909044,1
318,-0.188831292,0.004903254,0.229772954,0.178216961,-0.266657633,-0.268446009,-0.146450993,-0.266812206,-0.267193152,0
319,-0.190370543,-0.034202892,0.13566641,0.178463243,-0.214524821,-0.212239442,0.306048297,-0.210574502,-0.212381749,1
320,-0.191909794,0.044009399,0.227169857,0.172098447,-0.206001073,-0.205677362,0.149747458,-0.211249196,-0.205504622,0
321,-0.196527547,0.027249622,0.202322815,0.172416428,-0.192726123,-0.192350317,-0.01360774,-0.186320094,-0.191833774,1
322,-0.198066798,-0.151521327,0.181120874,0.171571941,-0.213009307,-0.212975314,0.097887496,-0.211477726,-0.213052109,0
323,-0.199606049,-0.011856523,0.027135439,0.167793591,-0.184711685,-0.185738957,0.328179958,-0.179966471,-0.184335408,1
324,-0.2011453,-0.05654926,0.119962169,0.198551199,-0.192257929,-0.191948004,0.291925473,-0.190625391,-0.192279432,0
325,-0.20268455,-0.347052054,0.175445459,0.161491832,-0.155417088,-0.153718252,-0.031120606,-0.158992925,-0.154965471,1
326,-0.207302303,-0.017443115,0.311366478,0.174001194,-0.186145676,-0.185422969,-0.00444538,-0.186430137,-0.183587824,1
327,-0.208841554,-0.190627473,0.101088441,0.150522551,-0.20791851,-0.206635488,0.084253665,-0.205539489,-0.205869769,0
328,-0.210380805,-0.112415182,0.033055054,0.178423319,-0.154462601,-0.152898473,-0.047639812,-0.154441393,-0.156563833,0
329,-0.211920056,-0.078895629,0.048252996,0.16448517,-0.24803376,-0.247415871,-0.02275286,-0.249876748,-0.246826731,0
330,-0.213459307,-0.134761551,0.124705533,0.172445007,-0.205559004,-0.205311123,-0.048457936,-0.205178853,-0.206300855,1
331,-0.218077059,-0.335878869,0.09394271,0.154023572,-0.203117496,-0.202673045,-0.169823945,-0.203050719,-0.201272403,0
332,-0.21961631,-0.05654926,0.19051299,0.167744314,-0.246435106,-0.247366805,0.369470136,-0.243950768,-0.248235494,1
333,-0.221155561,-0.436437528,-0.056813147,0.16020434,-0.200686722,-0.198022281,0.055519024,-0.200318982,-0.198538977,0
334,-0.222694812,-0.179454288,0.28291269,0.161654955,-0.203892012,-0.202848971,-0.096264893,-0.198301981,-0.20345191,1
335,-0.224234063,-0.006269931,-0.045834369,0.161435248,-0.193018658,-0.1924569,0.038716139,-0.190232886,-0.192563763,0
336,-0.228851816,0.211607164,-0.011514664,0.150508872,-0.19915579,-0.199564995,-0.070945371,-0.200098352,-0.199598447,1
337,-0.230391067,-0.10682859,0.104748885,0.126809971,-0.198256962,-0.198800252,-0.042898768,-0.206459873,-0.197858544,0
338,-0.231930318,-0.118001774,0.156838944,0.164487403,-0.191138162,-0.192313937,-0.002675913,-0.184692601,-0.192714233,1
339,-0.233469568,-0.240906802,0.086300909,0.088982979,-0.215422171,-0.216817256,-0.025099089,-0.221479929,-0.216054812,0
340,-0.235008819,-0.112415182,0.155340502,0.154061374,-0.200445122,-0.199793832,-0.015565282,-0.199870911,-0.19868736,1
341,-0.239626572,-0.196214065,0.034146923,0.025492715,-0.200802449,-0.199027912,-0.256687697,-0.195811577,-0.198359626,0
342,-0.241165823,-0.280012947,-0.014058948,0.160208568,-0.215727947,-0.21690088,-0.20742473,-0.215850302,-0.215724124,1
343,-0.250401328,0.144568058,-0.277741378,-0.168657907,0.088880459,0.088351864,0.109565352,0.092829636,0.089093474,1
344,-0.251940579,-0.252079987,-0.164624303,-0.122080199,-0.059466201,-0.058170822,-0.210697225,-0.060206977,-0.058414205,0
345,-0.25347983,-0.218560434,-0.060937699,-0.12208469,-0.060693493,-0.059492039,0.13467956,-0.063648273,-0.058981836,1
346,-0.255019081,-0.112415182,-0.005055507,-0.003883478,-0.099336674,-0.099681635,0.000654572,-0.099674833,-0.099394814,0
347,-0.256558332,-0.212973841,-0.161177373,-0.003876437,-0.100786274,-0.10013721,0.055713368,-0.0950089,-0.098322071,1
348,-0.261176085,-0.179454288,-0.082688131,0.008233765,-0.065656993,-0.065698222,-0.083963257,-0.063240787,-0.065462018,0
349,-0.262715335,-0.224147026,-0.284057339,0.008199669,-0.066998835,-0.065242054,-0.201509788,-0.074953287,-0.065233964,0
350,-0.264254586,-0.151521327,-0.19888136,0.059391192,-0.069271203,-0.069986017,-0.39030519,-0.071265211,-0.069703549,0
351,-0.265793837,-0.101241998,0.005684185,0.05932982,-0.069901047,-0.06852628,-0.029829161,-0.07044806,-0.068380836,0
352,-0.267333088,-0.18504088,0.012716125,0.04020633,-0.0867083,-0.085310978,-0.319777272,-0.087880618,-0.087328704,0
353,-0.271950841,-0.050962668,-0.306380554,0.040191226,-0.085747924,-0.086541992,0.103609661,-0.086480566,-0.086483947,0
354,-0.273490092,-0.319119093,-0.20476262,0.071164988,-0.017962186,-0.018068181,-0.11673523,-0.017932479,-0.018382501,1
355,-0.275029343,-0.296772724,-0.337400362,0.071285322,-0.018351238,-0.017522668,-0.281949231,-0.023220537,-0.01815728,1
356,-0.276568594,0.066355768,-0.029513875,0.061091704,0.064070763,0.064312044,-0.273166154,0.063017238,0.065056922,0
357,-0.278107844,-0.129174959,-0.328251168,0.061043028,0.064788895,0.063766687,-0.013861641,0.060960196,0.06350922,1
358,-0.282725597,-0.134761551,-0.141968669,0.081853238,0.082710698,0.081689067,-0.2377486,0.079046475,0.082042486,0
359,-0.284264848,-0.134761551,-0.189913718,0.081807209,0.082573776,0.081141665,-0.198566423,0.077412172,0.08142674,1
360,-0.285804099,-0.140348143,-0.203577418,0.119736706,0.153085794,0.153762549,-0.012809991,0.145309534,0.153034135,0
361,-0.28734335,-0.067722445,-0.136454349,0.11978444,0.153222717,0.153123914,0.049881492,0.158111569,0.153991962,1
362,-0.288882601,0.122221689,-0.398575688,0.119666232,0.272751531,0.27213657,-0.204550325,0.272556584,0.273832029,1
363,-0.293500353,0.004903254,-0.332756724,0.050059048,0.273048105,0.27268242,-0.071863801,0.267288683,0.272985903,1
364,-0.295039604,-0.162694512,-0.33820456,0.050057195,0.209761275,0.211053741,0.218731599,0.20897487,0.211866831,0
365,-0.296578855,-0.039789484,-0.324859216,0.019057531,0.211570652,0.211145641,0.093577456,0.20846987,0.209724122,1
366,-0.298118106,0.261886494,-0.349799591,0.018915745,0.178378293,0.176156793,-0.225238515,0.174375873,0.177134046,0
367,-0.30427511,-0.090068813,-0.244537833,0.056355693,0.177072188,0.176706977,-0.043652633,0.185164992,0.177183831,1
368,-0.305814361,-0.05654926,-0.196762828,0.077247543,0.232166965,0.232905899,-0.129792299,0.232229902,0.232029378,0
369,-0.307353612,0.038422807,-0.171578253,0.018314746,0.231414794,0.232180893,-0.107355017,0.237695554,0.232743639,1
370,-0.308892862,-0.408504568,-0.206200971,0.056292607,0.180413032,0.181268633,-0.184716307,0.174949241,0.181653655,0
371,-0.310432113,0.289819455,-0.201332311,0.082279475,0.181350076,0.181544323,-0.146809902,0.180243291,0.179262071,1
372,-0.315049866,-0.280012947,-0.269827248,0.018187543,0.324212532,0.324871402,0.252157131,0.32046888,0.324553979,1
373,-0.316589117,-0.000683339,-0.257325737,0.030014403,0.324232057,0.32477755,-0.100206621,0.318405846,0.324253582,0
374,-0.318128368,-0.358225238,-0.233146089,0.082279541,0.297488384,0.297867312,-0.099730165,0.294655075,0.296345271,1
375,-0.319667619,-0.168281104,-0.191946588,0.009081639,0.298411352,0.297499678,-0.179805997,0.294766207,0.296751718,0
376,-0.32120687,0.055182583,-0.006592305,0.030072996,0.283324642,0.283769745,-0.068280983,0.279555756,0.283252001,1
377,-0.325824622,-0.386158199,-0.321060689,0.018149145,0.283731028,0.283494584,-0.113842018,0.282464814,0.282839314,0
378,-0.327363873,-0.05654926,-0.106228511,0.009035351,0.181696421,0.181039322,0.008030225,0.174875969,0.180602766,0
379,-0.328903124,-0.05654926,-0.215221033,0.085982074,0.179267195,0.180813902,-0.247305917,0.169859751,0.180378708,1
380,-0.330442375,0.032836215,-0.138708405,0.018017947,0.123121358,0.122376277,-0.199976982,0.122995587,0.123270205,0
381,-0.331981626,-0.039789484,-0.211193649,0.005225372,0.121548145,0.123567341,-0.21784092,0.116213778,0.122547972,1
382,-0.336599379,-0.101241998,-0.325446063,0.086054691,0.119262167,0.119411861,-0.185247618,0.111187209,0.11914344,1
383,-0.338138629,0.044009399,-0.246908236,-0.020325141,0.118460841,0.119500705,0.035702246,0.113768317,0.118843385,0
384,-0.33967788,-0.257666579,-0.232807278,0.005251566,0.08862325,0.088941301,-0.187490405,0.088802442,0.08835833,1
385,-0.341217131,-0.145934735,-0.159437288,-0.0286619,0.089690726,0.087974052,-0.011621987,0.083616801,0.088777689,0
386,-0.342756382,-0.268839763,-0.30897598,0.005150089,0.107223847,0.108513071,-0.205161567,0.104185313,0.107860198,1
387,-0.347374135,-0.280012947,-0.246289425,-0.013277829,0.107682675,0.108775413,-0.104055878,0.098876554,0.107774747,0
388,-0.348913386,-0.23532021,-0.205924808,-0.020292434,0.040184706,0.039348289,-0.14424582,0.038776993,0.040524059,0
389,-0.350452637,-0.168281104,-0.245390616,-0.026858361,0.040055232,0.039898172,-0.264857965,0.033477496,0.039524343,1
390,-0.351991888,0.07194236,-0.269941038,-0.028701638,0.139827549,0.13837919,-0.21428788,0.1397796,0.14020175,0
391,-0.353531138,-0.229733618,-0.306343477,-0.016925497,0.140138034,0.139203376,0.019513738,0.133154138,0.139066104,1
392,-0.358148891,0.016076438,-0.136725398,-0.013335681,0.070276302,0.071461176,-0.3288597,0.06525487,0.070579581,0
393,-0.359688142,-0.168281104,-0.231196324,-0.006145096,0.069973293,0.07042052,-0.012079635,0.070667134,0.070295905,1
394,-0.361227393,0.049595991,-0.312890853,-0.026946609,0.098524413,0.098516817,-0.237845772,0.103135546,0.097497282,0
395,-0.362766644,0.010489846,-0.14851988,0.002303088,0.098433414,0.098979162,-0.09505965,0.095877609,0.099627448,1
396,-0.364305895,0.166914427,-0.261243167,-0.026925074,0.073763763,0.073106587,-0.076600142,0.078384582,0.075168276,0
397,-0.370462898,-0.263253171,-0.191197367,-0.017977034,0.073349736,0.073844494,0.035479691,0.069603476,0.074975083,1
398,-0.372002149,-0.023029707,-0.081364848,-0.016909605,0.150671794,0.149701268,0.013357434,0.146997224,0.150090158,0
399,-0.3735414,-0.274426355,-0.208259412,-0.008273561,0.151133907,0.148249513,-0.128482047,0.142298604,0.151059958,1
400,-0.375080651,-0.134761551,-0.252944198,-0.006072932,0.115134894,0.11553703,-0.247047315,0.113112689,0.114928334,1
401,-0.379698404,-0.118001774,-0.079025129,-0.033168858,0.115833337,0.116399233,-0.090694755,0.115294483,0.115833776,0
402,-0.381237655,0.116635097,-0.314669294,0.002229525,0.026245736,0.027496965,-0.17718706,0.021339533,0.026512297,1
403,-0.382776906,-0.218560434,-0.292908635,-0.011915396,0.027667541,0.027852046,-0.181747866,0.021023567,0.026155438,0
404,-0.384316156,-0.179454288,-0.123172931,-0.0180184,0.102620166,0.101578292,-0.308563333,0.095952515,0.101838033,1
405,-0.385855407,-0.140348143,-0.162669423,0.076497814,0.100231359,0.101110885,-0.121216104,0.099639501,0.101729954,0
406,-0.39047316,-0.145934735,-0.112989402,-0.008149955,0.050160383,0.050262393,-0.028559659,0.039338921,0.050188279,1
407,-0.392012411,-0.045376076,-0.239866067,0.077877342,0.050120511,0.050887744,0.084031111,0.051620158,0.051103378,0
408,-0.393551662,-0.05654926,-0.248104945,-0.033119274,0.050412868,0.051039885,-0.170493177,0.051443653,0.052357803,1
409,-0.395090913,-0.173867696,-0.276337547,0.059193106,0.050547134,0.050473352,-0.063046244,0.048939358,0.051485309,0
410,-0.396630164,-0.073309037,-0.153507444,-0.011919924,-0.031012788,-0.032305806,-0.405722593,-0.033768052,-0.030819224,1
411,-0.401247916,-0.263253171,-0.267105248,0.028767548,-0.031963716,-0.03095304,0.111168686,-0.034435392,-0.03182346,0
412,-0.402787167,-0.229733618,-0.333670877,0.076542281,-0.050231769,-0.048324771,-0.185735044,-0.050965815,-0.04839059,1
413,-0.404326418,0.261886494,-0.234361976,0.052521879,-0.048656364,-0.048566276,-0.273412218,-0.044957575,-0.048524745,0
414,-0.405865669,-0.173867696,-0.237049456,0.077850749,0.016621034,0.015896935,-0.06854272,0.011416594,0.016685928,1
415,-0.40740492,0.038422807,-0.391787948,0.048150438,0.015269936,0.015109242,-0.28079414,0.014501067,0.016439566,0
416,-0.412022673,-0.280012947,-0.285830667,0.059137742,-0.080193096,-0.078715561,-0.272239887,-0.087654267,-0.078622758,1
417,-0.413561923,0.032836215,-0.294046786,0.020312881,-0.080137991,-0.080686094,-0.248300204,-0.080837974,-0.0795941,0
418,-0.415101174,-0.196214065,-0.183879035,0.028735779,-0.100570648,-0.100110989,-0.364322705,-0.093715622,-0.09940021,1
419,-0.416640425,0.02166303,-0.323806982,0.03176494,-0.100709597,-0.100257638,-0.015441466,-0.107375121,-0.100418343,0
420,-0.418179676,-0.112415182,-0.327418842,0.052559508,-0.030170823,-0.031459651,-0.167899317,-0.032544504,-0.030644818,1
421,-0.422797429,-0.291186132,-0.459319381,-0.00357707,-0.030605167,-0.031330655,-0.198417217,-0.045815529,-0.031500397,0
422,-0.42433668,0.116635097,-0.397502998,0.048239104,-0.083204682,-0.082227816,-0.387745811,-0.083145772,-0.081427467,1
423,-0.425875931,-0.067722445,-0.339974052,-0.064871487,-0.08285783,-0.082833005,-0.456186103,-0.083327724,-0.082928071,0
424,-0.427415182,-0.179454288,-0.09230399,0.020265313,0.030483136,0.031262512,-0.023633676,0.027052509,0.030540693,1
425,-0.428954432,-0.374985015,-0.335678176,-0.075129008,0.030406213,0.030069095,-0.067702654,0.02797371,0.03030157,0
426,-0.433572185,-0.229733618,-0.424625832,0.031739734,-0.000342366,-0.000720824,-0.384984251,0.001773121,-0.001418623,0
427,-0.435111436,-0.090068813,-0.369546048,-0.110940119,-0.001238842,-0.000125402,-0.100871464,-0.002441527,-0.00086769,1
428,-0.436650687,-0.039789484,-0.203390241,-0.003660222,0.071158807,0.071901163,-0.075033169,0.06428867,0.07041848,0
429,-0.438189938,-0.296772724,-0.225348818,-0.108031585,0.070427755,0.069486248,-0.020400049,0.07480497,0.070513864,0
430,-0.439729189,0.049595991,-0.175854951,-0.065007094,-0.083303445,-0.083008835,-0.147109254,-0.078573266,-0.083579473,1
431,-0.444346941,-0.05654926,-0.143027807,-0.093060746,-0.083752206,-0.082464968,-0.206705032,-0.090224426,-0.08246731,0
432,-0.445886192,-0.330292277,-0.218021536,-0.075209119,-0.02910025,-0.026349712,-0.073567129,-0.026364608,-0.028910319,1
433,-0.447425443,-0.358225238,-0.264150555,-0.096018123,-0.026843672,-0.028407911,0.1714105,-0.035678279,-0.028599207,0
434,-0.448964694,-0.101241998,-0.338458989,-0.11083538,-0.069831079,-0.068457353,-0.315294831,-0.073414319,-0.067844157,1
435,-0.455121698,0.144568058,-0.317615038,-0.310077504,-0.068912315,-0.06937379,-0.12157658,-0.076110645,-0.06912741,0
436,-0.456660949,-0.240906802,-0.266714017,-0.10800934,0.01286615,0.01337782,-0.133951879,0.00576899,0.013227029,1
437,-0.4582002,-0.050962668,0.018875594,-0.320935779,0.014661537,0.012005322,-0.065972055,0.010160959,0.013791172,0
438,-0.45973945,0.010489846,-0.275791101,-0.093060087,-0.066987582,-0.065220058,-0.380459806,-0.063289326,-0.066044775,1
439,-0.461278701,-0.011856523,-0.358625316,-0.326590434,-0.064971572,-0.066135874,-0.36990068,-0.070034309,-0.065206194,0
440,-0.465896454,-0.257666579,-0.158348743,-0.096074806,-0.095390553,-0.095328877,-0.329728291,-0.098122028,-0.096036485,1
441,-0.467435705,-0.280012947,-0.27405076,-0.334632131,-0.097505988,-0.096334721,-0.082878381,-0.102343594,-0.09592587,0
442,-0.468974956,-0.23532021,-0.251626541,-0.102194128,-0.087674765,-0.087028837,-0.263096021,-0.08231985,-0.086393123,1
443,-0.470514207,-0.15710792,-0.179017535,-0.279104069,-0.087048158,-0.084749076,-0.492682263,-0.092462439,-0.085391302,1
444,-0.472053458,-0.291186132,-0.169615702,-0.310070823,-0.032560466,-0.032429122,-0.239641883,-0.029691285,-0.031962001,0
445,-0.47667121,-0.268839763,-0.219787959,-0.255833613,-0.031101062,-0.032198365,0.081786756,-0.035796493,-0.031410662,1
446,-0.478210461,-0.391744791,-0.280654903,-0.320937925,-0.030129399,-0.030788969,-0.08205054,-0.034171888,-0.031531774,0
447,-0.479749712,0.010489846,-0.315438972,-0.263629231,-0.03105685,-0.032293116,-0.344548244,-0.040092257,-0.03189485,1
448,-0.481288963,-0.011856523,-0.329415146,-0.326512385,0.035321272,0.033485638,-0.304024156,0.027283545,0.034125804,0
449,-0.482828214,-0.129174959,-0.338690404,-0.232370294,0.034199627,0.03321231,-0.213776944,0.036022105,0.034126364,0
450,-0.487445967,-0.28559954,-0.322416447,-0.334717273,0.095651546,0.095844509,-0.258717021,0.094605359,0.095040113,0
451,-0.488985217,-0.112415182,-0.235059033,-0.219847155,0.094703705,0.095163795,0.046943769,0.097540403,0.095706775,1
452,-0.490524468,-0.173867696,-0.152806807,-0.279119412,0.069344872,0.067154833,-0.239565086,0.067290666,0.066789145,0
453,-0.492063719,-0.045376076,-0.269402264,-0.216860283,0.068743807,0.067428998,0.084631068,0.066773627,0.067496809,1
454,-0.49360297,-0.252079987,-0.339927258,-0.255754321,0.031986193,0.033578815,-0.124685764,0.030668185,0.032418314,0
455,-0.498220723,-0.212973841,-0.010893807,-0.22358188,0.032024312,0.034038559,-0.172434732,0.032788419,0.032879786,1
456,-0.499759974,-0.218560434,-0.293459172,-0.263649579,0.040362867,0.040967738,-0.284107698,0.035783987,0.038346224,0
457,-0.501299225,-0.207387249,-0.278701813,-0.190583647,0.040214728,0.039741472,-0.207419088,0.030113176,0.039403351,1
458,-0.502838476,-0.218560434,-0.325008293,-0.232328128,-0.062402934,-0.063583168,0.007576966,-0.068918135,-0.062244244,1
459,-0.508995479,-0.402917975,-0.210008703,-0.174853414,-0.06166836,-0.062809285,-0.105818135,-0.066562343,-0.062611533,0
460,-0.51053473,-0.000683339,-0.259708925,-0.219823163,-0.047640056,-0.044377628,-0.001527091,-0.040946724,-0.046803679,0
461,-0.512073981,-0.207387249,-0.240419673,-0.203736708,-0.048050427,-0.045700383,-0.038704708,-0.054285628,-0.045708821,0
462,-0.513613232,0.060769175,-0.016232457,-0.216828735,0.008997688,0.008859345,-0.109312558,0.003037253,0.009506129,1
463,-0.515152483,-0.15710792,-0.129242646,-0.231088111,0.010554543,0.008812375,0.156661075,0.008676468,0.010302287,0
464,-0.519770235,-0.296772724,-0.310089839,-0.223661445,-0.012744891,-0.01344702,-0.293384784,-0.016423583,-0.014530398,1
465,-0.521309486,-0.341465461,0.104056942,-0.258511388,-0.015844258,-0.014543461,-0.045140616,-0.020607124,-0.013096114,0
